doc_id,line_no,account,sub_account,department,tax_category,amount,needs_review
INV-0001,1,通信費,クラウド利用料,情報システム部,課税仕入10%,100000,false
INV-0002,1,地代家賃,本社,管理部,課税仕入10%,600000,false
INV-0003,1,通信費,電話料,管理部,課税仕入10%,48000,false
INV-0004,1,事務用品費,事務用品,営業部,課税仕入10%,24000,false
INV-0004,2,工具器具備品,,物流部,課税仕入10%,128000,true
INV-0004,3,消耗品費,事務用品,管理部,課税仕入10%,3200,false
INV-0004,4,消耗品費,事務用品,営業部,課税仕入10%,5600,false
INV-0004,5,消耗品費,什器,物流部,課税仕入10%,18000,false
INV-0005,1,消耗品費,工具,物流部,課税仕入10%,8800,false
INV-0005,2,消耗品費,工具,物流部,課税仕入10%,15400,false
INV-0005,3,消耗品費,工具,物流部,課税仕入10%,42000,false
INV-0006,1,会議費,,営業部,課税仕入8%（軽減）,2000,false
INV-0006,2,消耗品費,事務用品,営業部,課税仕入10%,1000,false
INV-0007,1,福利厚生費,,管理部,課税仕入8%（軽減）,12000,false
INV-0007,2,福利厚生費,,管理部,課税仕入10%,3000,false
INV-0008,1,外注費,,営業部,課税仕入10%,100000,true
INV-0009,1,通信費,クラウド利用料,情報システム部,課税仕入10%,45230,true
INV-0010,1,研修費,,管理部,課税仕入10%,80000,true
INV-0011,1,消耗品費,事務用品,営業部,課税仕入10%,9800,false
INV-0012,1,消耗品費,事務用品,管理部,課税仕入10%,4000,false
INV-0012,2,消耗品費,事務用品,管理部,課税仕入10%,7200,false
INV-0012,3,会議費,,管理部,課税仕入10%,3600,false
INV-0012,4,消耗品費,事務用品,営業部,課税仕入10%,1500,false
INV-0012,5,消耗品費,事務用品,営業部,課税仕入10%,500,false
