doc_id,line_no,segment,account,sub_account,department,tax_category,amount,acceptable_account,note
INV-0001,1,型A 毎月定額,通信費,クラウド利用料,情報システム部,課税仕入10%,100000,,
INV-0002,1,型A 毎月定額,地代家賃,本社,管理部,課税仕入10%,600000,,
INV-0003,1,型A 毎月定額,通信費,電話料,管理部,課税仕入10%,48000,,
INV-0004,1,型D 明細多,消耗品費,事務用品,営業部,課税仕入10%,24000,消耗品費;事務用品費,
INV-0004,2,型D 明細多,工具器具備品,,物流部,課税仕入10%,128000,,10万円以上の物品
INV-0004,3,型D 明細多,消耗品費,事務用品,管理部,課税仕入10%,3200,消耗品費;事務用品費,
INV-0004,4,型D 明細多,消耗品費,事務用品,管理部,課税仕入10%,5600,消耗品費;事務用品費,
INV-0004,5,型D 明細多,消耗品費,什器,物流部,課税仕入10%,18000,,
INV-0005,1,型D 明細多,消耗品費,工具,物流部,課税仕入10%,8800,,
INV-0005,2,型D 明細多,消耗品費,工具,物流部,課税仕入10%,15400,,
INV-0005,3,型D 明細多,修繕費,,物流部,課税仕入10%,42000,,フォークリフト部品交換
INV-0005,4,型D 明細多,消耗品費,工具,物流部,課税仕入10%,2600,,
INV-0006,1,型C 税率混在,会議費,,営業部,課税仕入8%（軽減）,2000,,
INV-0006,2,型C 税率混在,消耗品費,事務用品,営業部,課税仕入10%,1000,,
INV-0007,1,型C 税率混在,福利厚生費,,管理部,課税仕入8%（軽減）,12000,,
INV-0007,2,型C 税率混在,福利厚生費,,管理部,課税仕入10%,3000,,
INV-0008,1,型F 源泉,支払手数料,デザイン料,営業部,課税仕入10%,100000,支払手数料;外注費;広告宣伝費,源泉徴収あり
INV-0009,1,型I 外貨,通信費,クラウド利用料,情報システム部,課税仕入10%,45230,,USD建て
INV-0010,1,新規取引先,研修費,,管理部,課税仕入10%,80000,,
INV-0011,1,新規取引先,消耗品費,事務用品,営業部,課税仕入10%,9800,消耗品費;事務用品費,
INV-0012,1,型D 明細多,消耗品費,事務用品,管理部,課税仕入10%,4000,消耗品費;事務用品費,
INV-0012,2,型D 明細多,消耗品費,事務用品,管理部,課税仕入10%,7200,消耗品費;事務用品費,
INV-0012,3,型D 明細多,会議費,,管理部,課税仕入8%（軽減）,3600,,飲料
INV-0012,4,型D 明細多,消耗品費,事務用品,営業部,課税仕入10%,1500,消耗品費;事務用品費,
