Date,Actual,Forecast,surprise,z,jp_date,us_date,n_us_sessions,nk_ret,nk_gap,nk_intraday,sp_ret,nq_ret,fx_ret,sp_same_day
2011-01-07,103000.000000,159000.000000,-56000.000000,-0.747949,2011-01-11,2011-01-10,2,-0.002884,-0.007049,0.004164,-0.003224,-0.000772,-0.006984,0.003538
2011-02-04,36000.000000,138000.000000,-102000.000000,-1.362336,2011-02-07,2011-02-04,1,0.004591,0.010048,-0.005457,0.002825,0.005584,0.007084,0.006233
2011-03-04,192000.000000,191000.000000,1000.000000,0.013356,2011-03-07,2011-03-04,1,-0.017798,-0.007854,-0.009944,-0.007521,-0.005040,-0.001579,-0.007882
2011-04-01,216000.000000,191000.000000,25000.000000,0.333906,2011-04-04,2011-04-01,1,0.001081,0.005814,-0.004733,0.004215,0.003062,0.010647,0.000826
2011-05-06,244000.000000,185000.000000,59000.000000,0.788018,2011-05-09,2011-05-06,1,-0.006596,0.002209,-0.008805,0.004406,0.004551,0.006096,0.003867
2011-06-03,54000.000000,161000.000000,-107000.000000,-1.429117,2011-06-06,2011-06-03,1,-0.011854,-0.003293,-0.008561,-0.009994,-0.014722,-0.007819,-0.010638
2011-07-08,18000.000000,97000.000000,-79000.000000,-1.055142,2011-07-11,2011-07-08,1,-0.006750,-0.007399,0.000649,-0.007118,-0.004483,-0.007415,-0.018246
2011-08-05,117000.000000,89000.000000,28000.000000,0.373975,2011-08-08,2011-08-05,1,-0.021995,-0.015483,-0.006512,-0.001498,-0.009425,-0.008638,-0.067341
2011-09-02,0.000000,74000.000000,-74000.000000,-0.988361,2011-09-05,2011-09-02,1,-0.018752,-0.013581,-0.005171,-0.025882,-0.026148,-0.001692,
2011-10-07,103000.000000,55000.000000,48000.000000,0.641099,2011-10-11,2011-10-10,2,0.019341,0.014755,0.004586,0.026180,0.023353,-0.000261,0.001003
2011-11-04,80000.000000,97000.000000,-17000.000000,-0.227056,2011-11-07,2011-11-04,1,-0.003906,-0.003366,-0.000539,-0.006118,-0.004391,0.002175,0.006197
2011-12-02,120000.000000,126000.000000,-6000.000000,-0.080137,2011-12-05,2011-12-02,1,0.006024,0.006231,-0.000207,-0.000881,0.000278,0.003339,0.010833
2011-01-06,200000.000000,152000.000000,48000.000000,0.641099,2011-01-07,2011-01-06,1,0.001071,-0.002830,0.003901,-0.001961,0.002842,0.000840,-0.001964
2012-01-06,200000.000000,152000.000000,48000.000000,0.641099,2012-01-10,2012-01-09,2,0.003796,0.003883,-0.000087,-0.000156,0.002506,-0.004416,0.008633
2012-02-03,243000.000000,150000.000000,93000.000000,1.242130,2012-02-06,2012-02-03,1,0.010953,0.012161,-0.001208,0.013921,0.015951,0.004976,-0.000669
2012-03-09,227000.000000,209000.000000,18000.000000,0.240412,2012-03-12,2012-03-09,1,-0.004024,0.008642,-0.012666,0.003860,0.006015,0.010121,0.000073
2012-04-06,120000.000000,207000.000000,-87000.000000,-1.161992,2012-04-10,2012-04-09,1,-0.000864,0.003879,-0.004742,-0.011295,-0.010908,-0.001226,-0.016927
2012-05-04,115000.000000,173000.000000,-58000.000000,-0.774661,2012-05-07,2012-05-04,3,-0.028231,-0.019602,-0.008629,-0.026933,-0.031334,-0.003127,0.000730
2012-06-01,69000.000000,151000.000000,-82000.000000,-1.095211,2012-06-04,2012-06-01,1,-0.017283,-0.019332,0.002049,-0.025499,-0.028652,-0.004605,-0.000468
2012-07-06,80000.000000,97000.000000,-17000.000000,-0.227056,2012-07-09,2012-07-06,1,-0.013827,-0.010896,-0.002930,-0.009549,-0.013119,-0.002884,-0.001255
2012-08-03,163000.000000,101000.000000,62000.000000,0.828086,2012-08-06,2012-08-03,1,0.019812,0.014861,0.004950,0.019639,0.019781,0.002936,0.001936
2012-09-07,96000.000000,123000.000000,-27000.000000,-0.360618,2012-09-10,2012-09-07,1,-0.000257,-0.002083,0.001826,0.003888,0.000195,-0.007766,-0.005698
2012-10-05,114000.000000,114000.000000,0.000000,0.000000,2012-10-09,2012-10-08,2,-0.010629,-0.004626,-0.006003,-0.003359,-0.011853,-0.001913,-0.009937
2012-11-02,171000.000000,123000.000000,48000.000000,0.641099,2012-11-05,2012-11-02,1,-0.004849,-0.005585,0.000736,-0.008931,-0.012639,0.003861,0.002047
2012-12-07,146000.000000,89000.000000,57000.000000,0.761305,2012-12-10,2012-12-07,1,0.000667,0.005972,-0.005305,0.003024,-0.003764,0.000849,0.000421
2012-01-04,155000.000000,150000.000000,5000.000000,0.066781,2012-01-05,2012-01-04,1,-0.008376,-0.005206,-0.003170,0.001567,-0.000136,0.000652,0.002659
2013-01-04,155000.000000,150000.000000,5000.000000,0.066781,2013-01-07,2013-01-04,1,-0.008371,0.005187,-0.013558,0.004382,0.000351,0.010151,-0.002736
2013-02-01,157000.000000,161000.000000,-4000.000000,-0.053425,2013-02-04,2013-02-01,1,0.006147,0.005598,0.000550,0.010235,0.011697,0.010844,-0.011304
2013-03-08,236000.000000,162000.000000,74000.000000,0.988361,2013-03-11,2013-03-08,1,0.005312,0.006449,-0.001136,0.004255,0.003792,0.012682,0.003788
2013-04-05,88000.000000,198000.000000,-110000.000000,-1.469186,2013-04-08,2013-04-05,1,0.027585,0.019214,0.008371,-0.004501,-0.006570,0.012278,0.006744
2013-05-03,165000.000000,146000.000000,19000.000000,0.253768,2013-05-07,2013-05-06,3,0.034889,0.019238,0.015650,0.021872,0.028047,0.019827,0.005056
2013-06-07,175000.000000,167000.000000,8000.000000,0.106850,2013-06-10,2013-06-07,1,0.048257,0.020318,0.027939,0.012640,0.013106,0.006068,0.000000
2013-07-05,195000.000000,163000.000000,32000.000000,0.427399,2013-07-08,2013-07-05,1,-0.014120,0.012576,-0.026696,0.010731,0.010316,0.011431,0.005689
2013-08-02,162000.000000,184000.000000,-22000.000000,-0.293837,2013-08-05,2013-08-02,1,-0.014491,-0.010280,-0.004211,0.001698,0.003761,-0.006047,-0.001463
2013-09-06,169000.000000,178000.000000,-9000.000000,-0.120206,2013-09-09,2013-09-06,1,0.024545,0.020060,0.004484,0.000482,0.000336,-0.010140,0.009531
2013-10-22,148000.000000,182000.000000,-34000.000000,-0.454112,2013-10-23,2013-10-22,1,-0.019713,0.004825,-0.024538,0.005775,0.002426,-0.000509,-0.004800
2013-11-08,204000.000000,121000.000000,83000.000000,1.108567,2013-11-11,2013-11-08,1,0.012910,0.013025,-0.000115,0.013401,0.015920,0.010043,0.000169
2013-12-06,203000.000000,180000.000000,23000.000000,0.307193,2013-12-09,2013-12-06,1,0.022641,0.016641,0.005999,0.011115,0.007253,0.010944,0.002539
2014-01-10,74000.000000,196000.000000,-122000.000000,-1.629460,2014-01-14,2014-01-13,2,-0.031256,-0.016146,-0.015110,-0.010675,-0.010373,-0.017710,0.010839
2014-02-07,113000.000000,185000.000000,-72000.000000,-0.961649,2014-02-10,2014-02-07,1,0.017541,0.012739,0.004802,0.012320,0.016801,0.002446,0.001835
2014-03-07,175000.000000,151000.000000,24000.000000,0.320550,2014-03-10,2014-03-07,1,-0.010129,-0.005024,-0.005105,0.000425,-0.003660,0.001842,-0.000531
2014-04-04,192000.000000,199000.000000,-7000.000000,-0.093494,2014-04-07,2014-04-04,1,-0.017068,-0.012219,-0.004848,-0.011893,-0.026302,-0.006081,-0.011113
2014-05-02,288000.000000,216000.000000,72000.000000,0.961649,2014-05-07,2014-05-06,3,-0.029770,-0.011217,-0.018553,-0.008264,-0.011377,-0.006373,0.005872
2014-06-06,217000.000000,214000.000000,3000.000000,0.040069,2014-06-09,2014-06-06,1,0.003097,0.008393,-0.005296,0.004771,0.005842,0.000879,0.001023
2014-07-03,288000.000000,214000.000000,74000.000000,0.988361,2014-07-04,2014-07-03,1,0.005772,0.009214,-0.003443,0.004906,0.006306,0.004021,
2014-08-01,209000.000000,231000.000000,-22000.000000,-0.293837,2014-08-04,2014-08-01,1,-0.003136,-0.003127,-0.000010,-0.003060,-0.003928,-0.001753,0.007195
2014-09-05,142000.000000,226000.000000,-84000.000000,-1.121924,2014-09-08,2014-09-05,1,0.002322,0.003151,-0.000829,0.004485,0.004507,-0.001712,-0.002589
2014-10-03,248000.000000,216000.000000,32000.000000,0.427399,2014-10-06,2014-10-03,1,0.011538,0.010993,0.000546,0.010949,0.010202,0.012285,-0.001171
2014-11-07,214000.000000,235000.000000,-21000.000000,-0.280481,2014-11-10,2014-11-07,1,-0.005933,-0.007260,0.001327,0.000935,-0.001281,-0.005833,0.003142
2014-12-05,321000.000000,231000.000000,90000.000000,1.202061,2014-12-08,2014-12-05,1,0.000847,0.004688,-0.003841,0.001636,0.002371,0.013517,-0.006705
2015-01-09,252000.000000,241000.000000,11000.000000,0.146919,2015-01-13,2015-01-12,2,-0.006418,-0.013278,0.006861,-0.015910,-0.015207,-0.011178,-0.002817
2015-02-06,257000.000000,236000.000000,21000.000000,0.280481,2015-02-09,2015-02-06,1,0.003588,0.008003,-0.004416,-0.002769,-0.004354,0.012264,-0.004486
2015-03-06,295000.000000,240000.000000,55000.000000,0.734593,2015-03-09,2015-03-06,1,-0.009557,-0.005181,-0.004376,-0.014164,-0.011189,0.005810,0.004136
2015-04-03,126000.000000,246000.000000,-120000.000000,-1.602748,2015-04-07,2015-04-06,1,0.012427,0.007245,0.005182,0.006711,0.006197,0.004696,-0.002650
2015-05-08,223000.000000,228000.000000,-5000.000000,-0.066781,2015-05-11,2015-05-08,1,0.012396,0.013245,-0.000849,0.013080,0.011662,0.000501,-0.004784
2015-06-05,280000.000000,222000.000000,58000.000000,0.774661,2015-06-08,2015-06-05,1,-0.000181,0.003754,-0.003935,-0.001715,0.001844,0.010001,-0.006169
2015-07-02,223000.000000,231000.000000,-8000.000000,-0.106850,2015-07-03,2015-07-02,1,0.000842,-0.002235,0.003077,-0.000916,-0.000780,-0.000894,
2015-08-07,215000.000000,222000.000000,-7000.000000,-0.093494,2015-08-10,2015-08-07,1,0.004051,-0.005140,0.009191,-0.001922,-0.002554,-0.004178,0.012521
2015-09-04,173000.000000,215000.000000,-42000.000000,-0.560962,2015-09-07,2015-09-04,1,0.003832,-0.006617,0.010449,-0.015253,-0.010530,-0.008952,
2015-10-02,142000.000000,201000.000000,-59000.000000,-0.788018,2015-10-05,2015-10-02,1,0.015693,0.010990,0.004704,0.014827,0.017288,-0.000250,0.017638
2015-11-06,271000.000000,181000.000000,90000.000000,1.202061,2015-11-09,2015-11-06,1,0.019387,0.007545,0.011842,-0.000524,0.003772,0.011353,-0.009375
2015-12-04,211000.000000,201000.000000,10000.000000,0.133562,2015-12-07,2015-12-04,1,0.009881,0.010502,-0.000621,0.019315,0.020579,0.004639,-0.006077
2016-01-08,292000.000000,203000.000000,89000.000000,1.188705,2016-01-12,2016-01-11,2,-0.027438,-0.012911,-0.014527,-0.010048,-0.011030,0.000765,0.008036
2016-02-05,151000.000000,189000.000000,-38000.000000,-0.507537,2016-02-08,2016-02-05,1,0.010922,-0.011883,0.022805,-0.019234,-0.033008,0.001284,-0.013552
2016-03-04,242000.000000,195000.000000,47000.000000,0.627743,2016-03-07,2016-03-04,1,-0.006099,0.000579,-0.006678,0.003248,0.002037,0.000704,0.000798
2016-04-01,215000.000000,206000.000000,9000.000000,0.120206,2016-04-04,2016-04-01,1,-0.002533,-0.004738,0.002205,0.006789,0.009135,-0.008117,-0.003243
2016-05-06,160000.000000,203000.000000,-43000.000000,-0.574318,2016-05-09,2016-05-06,1,0.006764,0.007413,-0.000650,0.003652,0.004032,-0.001306,0.000826
2016-06-03,38000.000000,159000.000000,-121000.000000,-1.616104,2016-06-06,2016-06-03,1,-0.003744,-0.016290,0.012546,-0.002992,-0.005818,-0.021732,0.005076
2016-07-08,287000.000000,175000.000000,112000.000000,1.495898,2016-07-11,2016-07-08,1,0.039065,0.017647,0.021418,0.014781,0.016261,-0.002186,0.003521
2016-08-05,255000.000000,180000.000000,75000.000000,1.001717,2016-08-08,2016-08-05,1,0.024078,0.012706,0.011372,0.008146,0.010565,0.005911,-0.000596
2016-09-02,151000.000000,180000.000000,-29000.000000,-0.387331,2016-09-05,2016-09-02,1,0.006592,0.012088,-0.005496,0.004498,0.004331,0.007143,
2016-10-07,156000.000000,171000.000000,-15000.000000,-0.200343,2016-10-11,2016-10-10,2,0.009719,0.004511,0.005209,0.001760,0.004103,-0.003373,-0.012710
2016-11-04,161000.000000,174000.000000,-13000.000000,-0.173631,2016-11-07,2016-11-04,1,0.015953,0.012969,0.002984,-0.001102,-0.002383,0.001456,0.021817
2016-12-02,178000.000000,177000.000000,1000.000000,0.013356,2016-12-05,2016-12-02,1,-0.008234,-0.004142,-0.004092,0.000501,0.000864,-0.004745,0.005991
2017-01-06,156000.000000,175000.000000,-19000.000000,-0.253768,2017-01-10,2017-01-09,2,-0.007890,-0.002032,-0.005858,0.000265,0.007964,0.005792,0.000000
2017-02-03,227000.000000,170000.000000,57000.000000,0.761305,2017-02-06,2017-02-03,1,0.003088,0.007977,-0.004889,0.006869,0.005409,-0.000887,-0.001789
2017-03-10,235000.000000,196000.000000,39000.000000,0.520893,2017-03-13,2017-03-10,1,0.001485,-0.003007,0.004493,0.003498,0.003918,-0.001481,0.000505
2017-04-07,98000.000000,174000.000000,-76000.000000,-1.015074,2017-04-09,2017-04-07,1,0.007253,0.007386,-0.000133,-0.001020,-0.000194,0.002254,
2017-05-05,211000.000000,194000.000000,17000.000000,0.227056,2017-05-07,2017-05-05,4,0.014464,0.014970,-0.000507,0.004264,0.001503,0.007838,
2017-06-02,138000.000000,181000.000000,-43000.000000,-0.574318,2017-06-04,2017-06-02,1,-0.002719,-0.002594,-0.000124,0.003323,0.009396,-0.008478,
2017-07-07,222000.000000,175000.000000,47000.000000,0.627743,2017-07-10,2017-07-07,1,0.007593,0.007068,0.000525,0.006464,0.010393,0.005989,0.001073
2017-08-04,209000.000000,182000.000000,27000.000000,0.360618,2017-08-06,2017-08-04,1,0.005830,0.005781,0.000050,0.001820,0.001768,0.005891,
2017-09-01,156000.000000,180000.000000,-24000.000000,-0.320550,2017-09-03,2017-09-01,1,-0.004579,-0.004579,0.000000,0.001413,0.001037,0.002634,
2017-10-06,-33000.000000,82000.000000,-115000.000000,-1.535967,2017-10-10,2017-10-09,2,0.006398,-0.000492,0.006889,-0.002792,-0.000855,-0.001331,0.002635
2017-11-03,261000.000000,312000.000000,-51000.000000,-0.681168,2017-11-06,2017-11-03,2,0.000409,0.003271,-0.002861,0.003721,0.007108,-0.000789,0.001546
2017-12-08,228000.000000,198000.000000,30000.000000,0.400687,2017-12-11,2017-12-08,1,0.005580,0.003642,0.001939,0.005438,0.003990,0.003531,0.003008
2017-01-05,148000.000000,190000.000000,-42000.000000,-0.560962,2017-01-06,2017-01-05,1,-0.003405,-0.006534,0.003129,-0.000795,0.001994,-0.016339,0.003571
2018-01-05,148000.000000,190000.000000,-42000.000000,-0.560962,2018-01-09,2018-01-08,2,0.005696,0.009837,-0.004142,0.008469,0.011167,0.003011,0.002261
2018-02-02,200000.000000,181000.000000,19000.000000,0.253768,2018-02-05,2018-02-02,1,-0.025784,-0.015299,-0.010485,-0.022010,-0.019815,0.006379,-0.042722
2018-03-09,313000.000000,205000.000000,108000.000000,1.442473,2018-03-12,2018-03-09,1,0.016392,0.016487,-0.000095,0.017253,0.017728,0.005353,-0.001256
2018-04-06,103000.000000,188000.000000,-85000.000000,-1.135280,2018-04-09,2018-04-06,1,0.005121,-0.001540,0.006662,-0.022538,-0.023078,-0.004293,0.004916
2018-05-04,164000.000000,190000.000000,-26000.000000,-0.347262,2018-05-07,2018-05-04,3,-0.000250,0.001798,-0.002048,0.003917,0.011007,-0.006759,0.003378
2018-06-01,223000.000000,189000.000000,34000.000000,0.454112,2018-06-04,2018-06-01,1,0.013644,0.008700,0.004944,0.009770,0.014965,0.006595,0.004740
2018-07-06,213000.000000,195000.000000,18000.000000,0.240412,2018-07-09,2018-07-06,1,0.012046,0.002310,0.009736,0.008423,0.013350,-0.001448,0.008964
2018-08-03,157000.000000,191000.000000,-34000.000000,-0.454112,2018-08-06,2018-08-03,1,-0.000793,0.000482,-0.001276,0.004276,0.001195,-0.003589,0.003660
2018-09-07,201000.000000,191000.000000,10000.000000,0.133562,2018-09-10,2018-09-07,1,0.002956,-0.002397,0.005353,-0.001945,-0.002552,0.002795,0.001737
2018-10-05,134000.000000,185000.000000,-51000.000000,-0.681168,2018-10-09,2018-10-08,2,-0.013304,-0.009856,-0.003449,-0.005613,-0.018387,-0.005900,-0.001460
2018-11-02,250000.000000,194000.000000,56000.000000,0.747949,2018-11-05,2018-11-02,1,-0.015617,-0.010902,-0.004714,-0.005941,-0.010421,0.004250,0.005502
2018-12-07,155000.000000,198000.000000,-43000.000000,-0.574318,2018-12-10,2018-12-07,1,-0.021409,-0.016709,-0.004700,-0.023510,-0.030942,0.000532,0.001895
2018-01-04,312000.000000,179000.000000,133000.000000,1.776379,2018-01-05,2018-01-04,1,0.008818,0.005797,0.003021,0.004206,0.001751,0.002220,0.006642
2019-01-04,312000.000000,179000.000000,133000.000000,1.776379,2019-01-07,2019-01-04,1,0.024092,0.019372,0.004720,0.032947,0.041720,0.008049,0.007854
2019-02-01,304000.000000,165000.000000,139000.000000,1.856516,2019-02-04,2019-02-01,1,0.004578,0.002091,0.002487,0.000482,-0.002457,0.005587,0.007011
2019-03-08,20000.000000,180000.000000,-160000.000000,-2.136997,2019-03-11,2019-03-08,1,0.004723,0.001767,0.002955,-0.002002,-0.001796,-0.003861,0.014397
2019-04-05,196000.000000,172000.000000,24000.000000,0.320550,2019-04-08,2019-04-05,1,-0.002105,0.004258,-0.006363,0.004829,0.005927,0.000716,0.000762
2019-05-03,263000.000000,181000.000000,82000.000000,1.095211,2019-05-07,2019-05-06,7,-0.015165,-0.003345,-0.011820,0.002633,0.000568,-0.007735,-0.016841
2019-06-07,75000.000000,177000.000000,-102000.000000,-1.362336,2019-06-10,2019-06-07,1,0.011886,0.010038,0.001848,0.009957,0.016481,-0.002032,0.004578
2019-07-05,224000.000000,162000.000000,62000.000000,0.828086,2019-07-08,2019-07-05,1,-0.009798,-0.003713,-0.006085,-0.001139,-0.001034,0.006104,-0.005510
2019-08-02,164000.000000,164000.000000,0.000000,0.000000,2019-08-05,2019-08-02,1,-0.017551,-0.008438,-0.009113,-0.007558,-0.013286,-0.007012,-0.030535
2019-09-06,130000.000000,163000.000000,-33000.000000,-0.440756,2019-09-09,2019-09-06,1,0.005591,0.000707,0.004884,0.000772,-0.001697,-0.000187,0.000503
2019-10-04,136000.000000,145000.000000,-9000.000000,-0.120206,2019-10-07,2019-10-04,1,-0.001634,0.001658,-0.003292,0.013441,0.013903,0.000281,-0.004324
2019-11-01,128000.000000,90000.000000,38000.000000,0.507537,2019-11-05,2019-11-04,2,0.017406,0.011661,0.005745,0.013231,0.016842,0.004987,-0.001107
2019-12-06,266000.000000,181000.000000,85000.000000,1.135280,2019-12-09,2019-12-06,1,0.003262,0.008099,-0.004837,0.009093,0.009965,-0.001472,-0.003149
2020-01-10,145000.000000,162000.000000,-17000.000000,-0.227056,2020-01-14,2020-01-13,2,0.007294,0.004955,0.002339,0.003972,0.007631,0.003828,-0.001526
2020-02-07,225000.000000,163000.000000,62000.000000,0.828086,2020-02-10,2020-02-07,1,-0.005977,-0.008268,0.002290,-0.005344,-0.005409,-0.002458,0.007438
2020-03-06,273000.000000,175000.000000,98000.000000,1.308911,2020-03-09,2020-03-06,1,-0.051979,-0.019782,-0.032196,-0.016669,-0.018826,-0.008134,-0.081313
2020-04-03,-701000.000000,-100000.000000,-601000.000000,-3.000000,2020-04-06,2020-04-03,1,0.041554,0.002119,0.039436,-0.014560,-0.015374,0.005084,0.065007
2020-05-08,-20537000.000000,-22000000.000000,1463000.000000,3.000000,2020-05-11,2020-05-08,1,0.010430,0.007634,0.002796,0.016411,0.015653,0.003569,0.000205
2020-06-05,2509000.000000,-7750000.000000,10259000.000000,3.000000,2020-06-08,2020-06-05,1,0.013656,0.011232,0.002424,0.025307,0.020409,0.004115,0.012015
2020-07-02,4800000.000000,3037000.000000,1763000.000000,3.000000,2020-07-03,2020-07-02,1,0.007222,0.005447,0.001775,0.005492,0.005206,0.000186,
2020-08-07,1763000.000000,1530000.000000,233000.000000,3.000000,2020-08-11,2020-08-10,2,0.018647,0.007832,0.010816,0.003702,-0.012657,0.003877,-0.008289
2020-09-04,1371000.000000,1375000.000000,-4000.000000,-0.053425,2020-09-07,2020-09-04,1,-0.004989,-0.002587,-0.002402,-0.008198,-0.012733,0.000565,
2020-10-02,661000.000000,900000.000000,-239000.000000,-3.000000,2020-10-05,2020-10-02,1,0.012181,0.009696,0.002485,-0.009540,-0.022455,-0.001613,0.017578
2020-11-06,638000.000000,595000.000000,43000.000000,0.574318,2020-11-09,2020-11-06,1,0.020935,0.009965,0.010970,-0.000228,0.000362,-0.001354,0.012487
2020-12-04,245000.000000,480000.000000,-235000.000000,-3.000000,2020-12-07,2020-12-04,1,-0.007648,0.005332,-0.012979,0.008581,0.007008,0.002981,-0.002057
2021-01-08,-140000.000000,60000.000000,-200000.000000,-2.671247,2021-01-12,2021-01-11,2,0.000899,-0.004797,0.005696,-0.001082,-0.002379,0.004230,0.000211
2021-02-05,49000.000000,85000.000000,-36000.000000,-0.480824,2021-02-08,2021-02-05,1,0.020951,0.001819,0.019132,0.003928,0.005686,-0.001707,0.007196
2021-03-05,379000.000000,197000.000000,182000.000000,2.430834,2021-03-08,2021-03-05,1,-0.004203,0.011843,-0.016046,0.018229,0.015340,0.003421,-0.004991
2021-04-02,916000.000000,652000.000000,264000.000000,3.000000,2021-04-06,2021-04-05,1,-0.013134,0.003968,-0.017103,0.014251,0.016589,-0.004890,-0.000591
2021-05-07,266000.000000,990000.000000,-724000.000000,-3.000000,2021-05-10,2021-05-07,1,0.005453,0.000649,0.004803,0.007252,0.008720,-0.004410,-0.009952
2021-06-04,559000.000000,645000.000000,-86000.000000,-1.148636,2021-06-07,2021-06-04,1,0.002682,0.009371,-0.006689,0.009104,0.014582,-0.007189,-0.000971
2021-07-02,850000.000000,725000.000000,125000.000000,1.669529,2021-07-05,2021-07-02,1,-0.006451,-0.002564,-0.003887,0.007614,0.008021,-0.004134,
2021-08-06,943000.000000,870000.000000,73000.000000,0.975005,2021-08-10,2021-08-09,2,0.002445,0.002405,0.000040,0.000837,-0.002348,0.004909,0.001243
2021-09-03,235000.000000,720000.000000,-485000.000000,-3.000000,2021-09-06,2021-09-03,1,0.018092,0.012728,0.005364,-0.000243,0.002107,-0.001730,
2021-10-08,194000.000000,490000.000000,-296000.000000,-3.000000,2021-10-11,2021-10-08,1,0.015890,-0.002548,0.018438,-0.001825,-0.005096,0.005630,-0.007266
2021-11-05,531000.000000,455000.000000,76000.000000,1.015074,2021-11-08,2021-11-05,1,-0.003536,0.004175,-0.007711,0.003464,0.001960,-0.003082,0.000853
2021-12-03,210000.000000,553000.000000,-343000.000000,-3.000000,2021-12-06,2021-12-03,1,-0.003653,0.001440,-0.005093,-0.008739,-0.019422,-0.003098,0.011774
2022-01-07,199000.000000,426000.000000,-227000.000000,-3.000000,2022-01-11,2022-01-10,2,-0.009033,-0.003435,-0.005598,-0.005206,-0.009195,-0.005368,0.009067
2022-02-04,467000.000000,110000.000000,357000.000000,3.000000,2022-02-07,2022-02-04,1,-0.006989,-0.004103,-0.002886,0.004691,0.015670,0.002172,-0.003214
2022-03-04,678000.000000,407000.000000,271000.000000,3.000000,2022-03-07,2022-03-04,1,-0.029844,-0.013614,-0.016230,-0.008158,-0.016722,-0.005907,-0.029922
2022-04-01,431000.000000,492000.000000,-61000.000000,-0.814730,2022-04-04,2022-04-01,1,0.002545,0.000711,0.001834,0.002830,0.002878,0.006799,0.008530
2022-05-06,428000.000000,390000.000000,38000.000000,0.507537,2022-05-09,2022-05-06,1,-0.025665,-0.011106,-0.014559,-0.005987,-0.014147,0.003299,-0.032541
2022-06-03,390000.000000,325000.000000,65000.000000,0.868155,2022-06-06,2022-06-03,1,0.005543,-0.007663,0.013207,-0.016548,-0.025005,0.007902,0.003040
2022-07-08,372000.000000,260000.000000,112000.000000,1.495898,2022-07-11,2022-07-08,1,0.011068,0.014063,-0.002995,-0.000823,0.001201,0.000735,-0.011489
2022-08-05,528000.000000,250000.000000,278000.000000,3.000000,2022-08-08,2022-08-05,1,0.002601,-0.004474,0.007075,-0.001692,-0.004967,0.015832,-0.001162
2022-09-02,315000.000000,295000.000000,20000.000000,0.267125,2022-09-05,2022-09-02,1,-0.001130,-0.003026,0.001896,-0.010600,-0.013177,0.000000,
2022-10-07,263000.000000,248000.000000,15000.000000,0.200343,2022-10-11,2022-10-10,2,-0.026717,-0.013327,-0.013389,-0.035955,-0.049161,0.003851,-0.006353
2022-11-04,261000.000000,197000.000000,64000.000000,0.854799,2022-11-07,2022-11-04,1,0.011983,0.007583,0.004400,0.014291,0.012711,-0.011395,0.009520
2022-12-02,263000.000000,200000.000000,63000.000000,0.841443,2022-12-05,2022-12-02,1,0.001529,-0.000897,0.002426,-0.001154,-0.001826,-0.007197,-0.018153
2022-01-06,223000.000000,200000.000000,23000.000000,0.307193,2022-01-07,2022-01-06,1,-0.000327,0.007820,-0.008147,-0.000940,-0.001280,-0.002415,-0.003961
2023-01-06,223000.000000,200000.000000,23000.000000,0.307193,2023-01-10,2023-01-09,2,0.007736,0.007776,-0.000040,0.022106,0.031559,-0.011460,0.006988
2023-02-03,517000.000000,193000.000000,324000.000000,3.000000,2023-02-06,2023-02-03,1,0.006673,0.009234,-0.002561,-0.010686,-0.016017,0.019399,-0.006130
2023-03-10,311000.000000,224000.000000,87000.000000,1.161992,2023-03-13,2023-03-10,1,-0.011112,-0.009201,-0.001911,-0.014535,-0.017749,-0.008557,-0.001426
2023-04-07,236000.000000,228000.000000,8000.000000,0.106850,2023-04-11,2023-04-10,1,0.010429,0.009445,0.000984,0.001026,-0.000298,0.011064,0.000269
2023-05-05,253000.000000,181000.000000,72000.000000,0.961649,2023-05-08,2023-05-05,4,-0.007162,-0.002145,-0.005016,-0.006955,0.001866,-0.019464,0.000267
2023-06-02,339000.000000,193000.000000,146000.000000,1.950010,2023-06-05,2023-06-02,1,0.021751,0.010724,0.011027,0.014358,0.010614,0.008252,-0.001918
2023-07-07,209000.000000,224000.000000,-15000.000000,-0.200343,2023-07-10,2023-07-07,1,-0.006153,0.000156,-0.006309,-0.002528,-0.001340,-0.013910,0.002528
2023-08-04,187000.000000,205000.000000,-18000.000000,-0.240412,2023-08-07,2023-08-04,1,0.001918,-0.008468,0.010387,-0.004533,-0.004857,-0.005558,0.008691
2023-09-01,187000.000000,169000.000000,18000.000000,0.240412,2023-09-04,2023-09-01,1,0.006963,0.002647,0.004316,0.001863,-0.000224,0.004798,
2023-10-06,336000.000000,171000.000000,165000.000000,2.203778,2023-10-10,2023-10-09,2,0.023968,0.010271,0.013697,0.018185,0.019804,0.000000,0.005191
2023-11-03,150000.000000,178000.000000,-28000.000000,-0.373975,2023-11-06,2023-11-03,2,0.023466,0.015557,0.007909,0.028065,0.031413,-0.010522,0.002298
2023-12-08,199000.000000,184000.000000,15000.000000,0.200343,2023-12-11,2023-12-08,1,0.014868,0.010996,0.003872,0.004290,0.004452,0.005605,0.003882
2023-01-05,216000.000000,168000.000000,48000.000000,0.641099,2023-01-06,2023-01-05,1,0.005910,-0.003131,0.009041,-0.011479,-0.014787,0.005864,0.022673
